{
  "epoch": 7,
  "train_loss": 0.9616104359339651,
  "val_loss": 0.9760074742504252,
  "train_accuracy": 0.5988493245254651,
  "train_activity_f1": 0.6238297510470209,
  "val_accuracy": 0.5998561070366026,
  "val_activity_f1": 0.6183113937731769,
  "trainable_percent": 0.061292435508886724
}